Here is the complete list of companies in the format of Company Name, Owner's Name, Address, Email, Contact number, Website URL:

"Company Name","Owner's Name","Address","Email","Contact number","Website URL"
"Gilligan Law Firm LLP","Spencer Gilligan","2016 Main St Apt 102, Houston, TX 77002","(713) 529-9200","http://www.glaw.me/","(713) 529-9200"
"Reinartz Law Firm","David Reinartz","21 Main St Ste 205, Hackensack, NJ 07601","(201) 380-8499","https://reinartzlaw.com/hackensack-personal-injury-lawyer/?utm_source=google&utm_medium=organic&utm_campaign=GBP_Hackensack","(201) 380-8499"
"Freiberger Haber LLP","Jonathan H. Freiberger","425 Broadhollow Rd #416, Melville, NY 11747","(631) 282-8985","https://fhnylaw.com/","(631) 282-8985"
"Law Offices of Snell & Wilmer","Snell & Wilmer","350 S Grand Ave, Los Angeles, CA 90071","(213) 929-2500","https://www.swlaw.com/","(213) 929-2500"
"Gould & Ratner LLP","Robert Gould","222 N LaSalle St #300, Chicago, IL 60601","(312) 236-3003","http://www.gouldratner.com/","(312) 236-3003"
"Elmm Law Group","Erik M. Gordy","3401 N 32nd St, Phoenix, AZ 85018","(480) 780-3657","https://getgordi.com/?utm_campaign=gmb&utm_id=gbp_phoenix&utm_medium=gbp&utm_source=gbp","(480) 780-3657"
"USD School of Law","Richard Levin","5998 Alcala Park Way, San Diego, CA 92110","(619) 260-4600","http://www.sandiego.edu/law/","(619) 260-4600"
"Mayer LLP Dallas","Mayer LLP Dallas","750 North St. Paul Street #700, Dallas, TX 75201","(214) 379-6900","http://www.mayerllp.com/","(214) 379-6900"